Date,P/L,P/VPA,P/FCO,ROE,LC,LPA,VPA,Adj Close,IBOV,Resultado,Decisao,Empresa
2015-12-28,15.87,13.26,14.77,83.2,3.21,0.61,0.73,0.5003577929371765,0.3660085915364226,0.1343492014007539,1,WIZS3
2016-12-28,14.79,17.71,12.4,118.8,2.0,0.91,0.76,-0.09837436430715862,0.27801010337559795,-0.3763844676827566,0,WIZS3
2017-12-28,10.2,9.81,8.31,95.4,0.55,1.0,1.04,-0.37241436502848924,0.15032328996623123,-0.5227376549947205,0,WIZS3
2018-12-28,7.66,7.66,6.87,100.49,0.6,1.11,1.11,1.304309640071045,0.3259526437357061,0.9783569963353389,1,WIZS3
2019-12-28,10.54,11.48,7.95,108.64,0.53,1.34,1.23,-0.38464149365193323,0.02159884668852019,-0.4062403403404534,0,WIZS3
2020-12-28,9.27,6.08,3.36,65.42,0.88,1.22,1.86,0.06928373159073442,-0.11916741564539568,0.1884511472361301,1,WIZS3
2011-12-28,5.55,1.17,3.83,21.06,0.91,4.27,20.29,0.1683126050557442,0.07814766335302648,0.09016494170271772,1,BBAS3
2012-12-28,5.95,1.11,78.93,18.71,0.87,4.3,22.96,0.04880491666051512,-0.15889552434702714,0.20770044100754226,1,BBAS3
2013-12-28,4.42,1.0,3.99,22.63,0.83,5.52,24.38,0.08132277416451572,-0.021885423371759583,0.1032081975362753,1,BBAS3
2014-12-28,6.02,0.87,4.49,14.52,0.77,3.95,27.19,-0.32588339671081745,-0.12725097218067605,-0.1986324245301414,0,BBAS3
2015-12-28,3.0,0.6,1.22,19.96,0.78,4.92,24.66,0.9342206900805581,0.3660085915364226,0.5682120985441355,1,BBAS3
2016-12-28,10.14,1.06,3.43,10.4,0.75,2.77,26.6,0.18536487147547964,0.27801010337559795,-0.09264523190011831,0,BBAS3
2017-12-28,11.16,1.39,-1.29,12.43,0.75,3.8,30.55,0.5240773200153375,0.15032328996623123,0.37375403004910623,1,BBAS3
2018-12-28,11.05,1.52,8.15,13.75,0.79,4.41,32.1,0.2138237433266157,0.3259526437357061,-0.1121289004090904,0,BBAS3
2019-12-28,8.45,1.53,2.97,18.1,0.73,6.25,34.51,-0.38407364848600856,-0.10014244769766767,-0.2839312007883409,0,BBAS3
2011-12-28,5.47,1.41,4.92,25.78,1.89,7.21,27.97,0.12630725045172397,0.07814766335302648,0.0481595870986975,1,VALE3
2012-12-28,22.73,1.42,6.7,6.25,1.79,1.86,29.68,-0.13504437727717655,-0.15889552434702714,0.023851147069850587,1,VALE3
2013-12-28,1785.5,1.23,5.81,0.08,2.54,0.02,29.01,-0.3484878867707344,-0.021885423371759583,-0.3266024633989748,0,VALE3
2014-12-28,121.72,0.77,4.13,0.64,1.88,0.18,28.53,-0.38554036823146576,-0.12725097218067605,-0.2582893960507897,0,VALE3
2015-12-28,-1.55,0.49,4.35,-31.71,1.47,-8.43,26.58,1.1231602308295296,0.3660085915364226,0.757151639293107,1,VALE3
2016-12-28,10.11,1.01,6.22,9.96,2.01,2.54,25.49,0.5759947494412527,0.27801010337559795,0.2979846460656548,1,VALE3
2017-12-28,12.59,1.5,5.51,11.9,1.45,3.36,28.24,0.3180841658454667,0.15032328996623123,0.1677608758792355,1,VALE3
2018-12-28,10.42,1.54,5.57,14.77,1.67,4.89,33.12,0.07882949459185773,0.3259526437357061,-0.24712314914384836,0,VALE3
2019-12-28,-42.3,1.79,5.96,-4.25,1.23,-1.26,29.74,0.6970110041873532,0.02159884668852019,0.675412157498833,1,VALE3
2020-12-28,17.32,2.55,6.14,14.76,1.67,5.05,34.25,0.03814814490447471,-0.11916741564539568,0.1573155605498704,1,VALE3
2011-12-28,11.2,0.39,4.37,3.51,0.7,1.82,51.75,-0.21530169399964716,0.07814766335302648,-0.29344935735267363,0,CEBR6
2012-12-28,4.16,0.28,-11.85,6.75,0.93,3.85,57.02,0.2944327512616014,-0.15889552434702714,0.45332827560862854,1,CEBR6
2013-12-28,-2.58,0.45,1.55,-17.62,0.58,-6.63,37.65,0.05386412009581942,-0.021885423371759583,0.075749543467579,1,CEBR6
2014-12-28,-2.45,0.65,-8.89,-26.39,0.82,-7.36,27.89,-0.09500002711739386,-0.12725097218067605,0.03225094506328219,1,CEBR6
2015-12-28,3.63,0.29,-9.79,7.88,1.13,4.49,56.94,0.41190925560878733,0.3660085915364226,0.045900664072364705,1,CEBR6
2016-12-28,2.89,0.39,3.37,13.54,0.93,7.95,58.72,0.08695649405785999,0.27801010337559795,-0.19105360931773796,0,CEBR6
2017-12-28,1.38,0.46,1.64,32.97,0.96,18.08,54.82,0.24204922366590886,0.15032328996623123,0.09172593369967763,1,CEBR6
2018-12-28,-10.03,0.52,-13.57,-5.22,1.06,-3.07,58.8,0.779615853724674,0.3259526437357061,0.4536632099889679,1,CEBR6
2019-12-28,6.48,0.77,2.06,11.9,1.11,8.26,69.41,2.3090855256904956,0.02159884668852019,2.2874866790019754,1,CEBR6
2020-12-28,23.76,2.78,7.46,11.68,1.29,8.67,74.19,-2.4308572408455853,-0.11916741564539568,-2.3116898252001894,0,CEBR6
2011-12-28,7.81,0.75,7.87,9.59,1.8,4.23,44.1,-0.20338788328654112,0.07814766335302648,-0.2815355466395676,0,CPLE3
2012-12-28,9.84,0.55,4.94,5.61,1.65,2.56,45.67,0.21693652676563957,-0.15889552434702714,0.3758320511126667,1,CPLE3
2013-12-28,5.69,0.47,4.56,8.3,1.4,3.92,47.24,0.2051744437031513,-0.021885423371759583,0.22705986707491088,1,CPLE3
2014-12-28,5.65,0.5,6.24,8.81,1.29,4.41,50.0,-0.3310603877358629,-0.12725097218067605,-0.20380941555518683,0,CPLE3
2015-12-28,3.67,0.3,3.32,8.18,1.45,4.36,53.3,0.2828189312273015,0.3660085915364226,-0.08318966030912112,0,CPLE3
2016-12-28,5.45,0.34,3.54,6.33,0.78,3.5,55.38,0.205703744913184,0.27801010337559795,-0.07230635846241396,0,CPLE3
2017-12-28,6.86,0.37,4.36,5.38,0.81,3.12,57.99,0.5732040260170623,0.15032328996623123,0.4228807360508311,1,CPLE3
2018-12-28,6.25,0.54,4.96,8.61,1.0,5.14,59.7,1.363984904684524,0.3259526437357061,1.038032260948818,1,CPLE3
2019-12-28,9.5,1.07,6.42,11.31,1.48,7.27,64.31,0.0182205459464857,-0.10014244769766767,0.11836299364415337,1,CPLE3
2011-12-28,6.05,1.41,19.2,23.33,0.94,5.79,24.82,-0.0952051814539322,0.07814766335302648,-0.17335284480695867,0,BRAP3
2012-12-28,22.46,1.15,19.17,5.12,0.87,1.36,26.65,-0.30625025703724673,-0.15889552434702714,-0.1473547326902196,0,BRAP3
2013-12-28,-145.0,0.79,17.11,-0.53,33.39,-0.14,25.85,-0.3674549043366101,-0.021885423371759583,-0.3455694809648505,0,BRAP3
2014-12-28,40.72,0.46,6.9,1.14,0.78,0.29,25.57,-0.6008232312153472,-0.12725097218067605,-0.47357225903467115,0,BRAP3
2015-12-28,-0.6,0.2,4.01,-32.72,11.02,-7.41,22.65,1.9469666242942028,0.3660085915364226,1.5809580327577801,1,BRAP3
2016-12-28,6.99,0.56,71.99,7.96,7.88,1.8,22.63,1.0608080503288546,0.27801010337559795,0.7827979469532567,1,BRAP3
2017-12-28,4.12,1.09,-171.51,26.44,0.72,6.66,25.19,0.22923933256937,0.15032328996623123,0.07891604260313878,1,BRAP3
2018-12-28,7.96,0.95,-12.12,11.95,1.23,3.41,28.49,0.28256918527314534,0.3259526437357061,-0.04338345846256075,0,BRAP3
2019-12-28,-30.49,1.29,101.57,-4.22,1.76,-1.16,27.47,0.6968715013048319,0.02159884668852019,0.6752726546163117,1,BRAP3
2020-12-28,30.65,1.92,22.86,6.27,2.76,2.16,34.51,-0.44326978685617857,-0.11916741564539568,-0.3241023712107829,0,BRAP3
2011-12-28,-206.67,0.71,22.79,-0.35,3.42,-0.15,43.52,0.0036587166623167633,0.07814766335302648,-0.07448894669070971,0,PEAB3
2012-12-28,142.86,0.7,-10.88,0.5,4.81,0.21,42.72,0.05193285483839172,-0.15889552434702714,0.21082837918541886,1,PEAB3
2013-12-28,-34.48,0.75,11.25,-2.17,3.82,-0.87,40.11,0.04835703246011702,-0.021885423371759583,0.0702424558318766,1,PEAB3
2014-12-28,21.33,0.79,37.53,3.69,4.07,1.36,36.83,0.0031496010543394792,-0.12725097218067605,0.13040057323501553,1,PEAB3
2015-12-28,13.23,0.77,10.1,5.79,4.42,2.01,34.68,0.22610575989544346,0.3660085915364226,-0.13990283164097916,0,PEAB3
2016-12-28,5.97,0.79,12.57,13.18,4.27,5.23,39.69,0.3203572395915817,0.27801010337559795,0.04234713621598374,1,PEAB3
2017-12-28,14.24,1.01,13.81,7.09,3.98,2.88,40.6,0.14108155053251137,0.15032328996623123,-0.009241739433719864,0,PEAB3
2018-12-28,12.73,0.86,8.15,6.72,3.47,2.75,40.92,0.4025688054173644,0.3259526437357061,0.0766161616816583,1,PEAB3
2019-12-28,13.24,1.13,10.1,8.57,3.49,3.55,41.43,0.7594799560284071,0.02159884668852019,0.7378811093398869,1,PEAB3
2020-12-28,1.83,1.5,-3.11,82.34,2.08,36.15,43.91,0.3236086437443486,-0.11916741564539568,0.4427760593897443,1,PEAB3
2011-12-28,90.26,1.13,-45.66,1.23,3.08,0.19,15.17,-0.11950552011884041,0.07814766335302648,-0.1976531834718669,0,USIM3
2012-12-28,-26.8,0.93,5.02,-3.45,2.0,-0.51,14.77,-0.11046083477274216,-0.15889552434702714,0.048434689574284984,1,USIM3
2013-12-28,-112.73,0.83,14.05,-0.75,1.86,-0.11,15.03,0.02796026572340793,-0.021885423371759583,0.04984568909516751,1,USIM3
2014-12-28,123.0,0.82,12.65,0.69,1.73,0.1,14.97,-0.628943985094139,-0.12725097218067605,-0.5016930129134629,0,USIM3
2015-12-28,-1.56,0.34,48.71,-21.58,1.53,-2.58,11.97,0.8250537374313236,0.3660085915364226,0.459045145894901,1,USIM3
2016-12-28,-15.58,0.68,-33.35,-4.41,3.66,-0.53,12.12,0.2816569392537065,0.27801010337559795,0.0036468358781085453,1,USIM3
2017-12-28,63.16,0.99,17.15,1.53,2.38,0.19,12.12,0.05988901096957511,0.15032328996623123,-0.09043427899665613,0,USIM3
2018-12-28,20.09,0.93,28.65,4.63,2.5,0.58,12.53,-0.13597979612662003,0.3259526437357061,-0.4619324398623261,0,USIM3
2019-12-28,58.06,0.79,6.27,1.37,3.07,0.17,12.42,0.5854487718648778,0.02159884668852019,0.5638499251763576,1,USIM3
2020-12-28,29.06,1.17,5.23,4.0,2.64,0.54,13.44,-0.012172867348819727,-0.11916741564539568,0.10699454829657595,1,USIM3
2013-12-28,19.76,7.06,43.89,35.64,1.63,1.24,3.47,0.4128057956589739,-0.021885423371759583,0.4346912190307335,1,BBSE3
2014-12-28,18.59,8.12,42.17,43.62,2.07,1.73,3.96,-0.21328099995818206,-0.12725097218067605,-0.08603002777750601,0,BBSE3
2015-12-28,11.59,6.42,47.47,55.5,0.96,2.1,3.79,0.22215485735555274,0.3660085915364226,-0.14385373418086989,0,BBSE3
2016-12-28,14.08,6.84,33.94,48.42,1.04,2.01,4.14,0.08079198464139892,0.27801010337559795,-0.19721811873419903,0,BBSE3
2017-12-28,13.94,6.33,33.69,45.5,1.52,2.02,4.45,0.08447583121308977,0.15032328996623123,-0.06584745875314146,0,BBSE3
2018-12-28,14.98,7.75,36.07,51.82,1.28,1.77,3.42,0.4415896189857389,0.3259526437357061,0.1156369752500328,1,BBSE3
2019-12-28,11.32,14.39,81.48,126.86,1.06,3.33,2.62,-0.11466008392511251,0.02159884668852019,-0.1362589306136327,0,BBSE3
2020-12-28,15.35,9.29,25.94,60.27,1.27,1.93,3.19,-0.2713955208177109,-0.11916741564539568,-0.15222810517231522,0,BBSE3
2011-12-28,5.61,2.47,4.95,44.03,3.38,2.67,6.07,-0.1448772205609834,0.07814766335302648,-0.22302488391400987,0,CSNA3
2012-12-28,-39.53,1.83,4.72,-4.66,3.3,-0.3,6.49,0.3709207896841311,-0.15889552434702714,0.5298163140311583,1,CSNA3
2013-12-28,38.86,2.47,9.08,6.31,2.95,0.37,5.82,-0.5656465506101065,-0.021885423371759583,-0.5437611272383469,0,CSNA3
2014-12-28,-69.75,1.35,6.52,-1.83,2.5,-0.08,4.13,-0.24378547168570974,-0.12725097218067605,-0.1165344995050337,0,CSNA3
2015-12-28,3.42,0.63,1.09,18.52,3.09,1.17,6.3,1.5518871209704463,0.3660085915364226,1.1858785294340237,1,CSNA3
2016-12-28,8.06,1.42,3.02,17.73,2.41,0.99,5.61,-0.2255082661730743,0.27801010337559795,-0.5035183695486722,0,CSNA3
2017-12-28,851.0,1.43,20.65,0.12,1.11,0.01,5.97,0.13215134760746206,0.15032328996623123,-0.018171942358769178,0,CSNA3
2018-12-28,4.44,2.25,10.21,50.67,1.05,3.66,7.22,0.7694492744666979,0.3259526437357061,0.44349663073099177,1,CSNA3
2019-12-28,10.94,1.72,4.02,15.75,1.1,1.29,8.19,1.2281397291507612,0.02159884668852019,1.206540882462241,1,CSNA3
2020-12-28,11.67,3.93,4.61,33.72,1.59,2.73,8.11,-0.16267430059238341,-0.11916741564539568,-0.043506884946987734,0,CSNA3
2011-12-28,10.47,0.79,12.32,7.56,2.56,1.17,15.42,0.3040209736537096,0.07814766335302648,0.22587331030068314,1,GGBR3
2012-12-28,18.57,0.92,6.1,4.95,2.1,0.83,16.75,-0.011366067584104522,-0.15889552434702714,0.14752945676292262,1,GGBR3
2013-12-28,16.4,0.81,6.33,4.95,2.51,0.92,18.62,-0.46238645418326685,-0.021885423371759583,-0.44050103081150727,0,GGBR3
2014-12-28,9.8,0.42,5.38,4.22,2.66,0.82,19.34,-0.5455886949919527,-0.12725097218067605,-0.4183377228112767,0,GGBR3
2015-12-28,-1.31,0.19,0.84,-14.24,2.82,-2.65,18.59,1.2471481438171312,0.3660085915364226,0.8811395522807086,1,GGBR3
2016-12-28,-4.7,0.56,3.86,-11.91,2.06,-1.68,14.12,0.35681254972386367,0.27801010337559795,0.07880244634826572,1,GGBR3
2017-12-28,-61.67,0.93,10.73,-1.5,2.33,-0.21,13.89,0.21635100206201852,0.15032328996623123,0.06602771209578728,1,GGBR3
2018-12-28,9.1,0.81,10.49,8.88,2.06,1.34,15.08,0.4119032359004955,0.3259526437357061,0.0859505921647894,1,GGBR3
2019-12-28,24.44,1.08,17.91,4.43,2.46,0.7,15.8,0.2199184504625209,0.02159884668852019,0.1983196037740007,1,GGBR3
2020-12-28,14.7,1.12,5.44,7.61,2.04,1.38,18.08,0.25793734237765853,-0.11916741564539568,0.3771047580230542,1,GGBR3
2011-12-28,9.02,0.9,5.33,10.03,1.78,2.55,25.47,-0.12267897498248903,0.07814766335302648,-0.2008266383355155,0,PETR3
2012-12-28,12.07,0.74,4.71,6.13,1.7,1.62,26.48,-0.18044431105887704,-0.15889552434702714,-0.0215487867118499,0,PETR3
2013-12-28,8.83,0.6,3.71,6.75,1.49,1.81,26.78,-0.35804714400575355,-0.021885423371759583,-0.33616172063399397,0,PETR3
2014-12-28,-5.81,0.4,2.01,-6.95,1.63,-1.65,23.82,-0.12588831807189904,-0.12725097218067605,0.001362654108777006,1,PETR3
2015-12-28,-3.21,0.43,1.29,-13.51,1.52,-2.67,19.77,0.9721251392378218,0.3660085915364226,0.6061165477013992,1,PETR3
2016-12-28,-14.86,0.87,2.46,-5.87,1.8,-1.14,19.38,-0.004122412844969503,0.27801010337559795,-0.28213251622056745,0,PETR3
2017-12-28,-779.0,1.13,3.53,-0.17,1.89,-0.03,20.67,0.5167562293688972,0.15032328996623123,0.36643293940266597,1,PETR3
2018-12-28,15.73,1.43,4.24,9.09,1.48,1.98,21.74,0.28795016608368496,0.3259526437357061,-0.03800247765202114,0,PETR3
2019-12-28,10.39,1.4,4.1,13.42,0.97,3.08,22.93,-0.07503714637065595,0.02159884668852019,-0.09663599305917614,0,PETR3
2020-12-28,45.46,1.03,2.16,2.28,1.04,0.54,23.85,0.3282802034032126,-0.11916741564539568,0.4474476190486083,1,PETR3
2011-12-28,9.76,1.45,6.79,14.89,1.11,8.4,56.38,-0.5361975071681646,0.07814766335302648,-0.6143451705211911,0,CLSC3
2012-12-28,-5.52,0.75,8.9,-13.59,1.03,-6.7,49.28,0.08108094971410162,-0.15889552434702714,0.23997647406112876,1,CLSC3
2013-12-28,7.75,0.72,3.53,9.3,1.12,5.16,55.42,0.03576265587688687,-0.021885423371759583,0.057648079248646455,1,CLSC3
2014-12-28,3.01,0.66,-25.7,21.89,2.95,13.3,60.76,-0.17634066472667087,-0.12725097218067605,-0.04908969254599482,0,CLSC3
2015-12-28,8.85,0.52,1.8,5.87,1.07,3.39,57.68,-0.27148068820540383,0.3660085915364226,-0.6374892797418265,0,CLSC3
2016-12-28,-86.0,0.4,1.11,-0.47,0.92,-0.25,53.82,0.39534910935163237,0.27801010337559795,0.11733900597603442,1,CLSC3
2017-12-28,14.29,0.54,1.63,3.79,0.9,2.1,55.41,0.5539136447882747,0.15032328996623123,0.4035903548220434,1,CLSC3
2018-12-28,9.48,0.88,-2.98,9.31,0.86,4.85,52.12,0.05166586185508071,0.3259526437357061,-0.2742867818806254,0,CLSC3
2019-12-28,6.53,1.32,13.96,20.15,0.97,7.35,36.48,0.22539001635392197,0.02159884668852019,0.20379116966540178,1,CLSC3
2020-12-28,4.46,1.17,2.53,26.13,1.12,13.45,51.45,0.22222968440816593,-0.11916741564539568,0.3413971000535616,1,CLSC3
2011-12-28,72.31,1.22,6.78,1.64,0.6,0.13,7.73,0.37739274641925524,0.07814766335302648,0.29924508306622877,1,TPIS3
2012-12-28,4.27,1.19,10.84,27.96,0.73,2.93,10.48,-0.22240822958396633,-0.15889552434702714,-0.0635127052369392,0,TPIS3
2013-12-28,-16.96,0.8,22.78,-4.7,0.58,-0.56,11.94,-0.24324317613521507,-0.021885423371759583,-0.22135775276345548,0,TPIS3
2014-12-28,-3.16,0.94,4.95,-30.0,0.5,-2.44,8.15,-0.30553760997899493,-0.12725097218067605,-0.17828663779831888,0,TPIS3
2015-12-28,12.11,0.55,1.7,4.61,0.43,0.38,8.34,-0.2755926836243012,0.3660085915364226,-0.6416012751607238,0,TPIS3
2016-12-28,-1.75,0.5,0.68,-28.67,0.48,-1.81,6.31,0.06329116675996915,0.27801010337559795,-0.2147189366156288,0,TPIS3
2017-12-28,-60.0,0.32,0.94,-0.5,0.3,-0.04,7.56,-0.4966875806154559,0.15032328996623123,-0.6470108705816872,0,TPIS3
2018-12-28,0.36,0.21,1.21,58.04,0.2,4.22,7.27,0.0961539948862844,0.3259526437357061,-0.2297986488494217,0,TPIS3
2019-12-28,-1.55,0.4,1.16,-25.64,0.26,-1.09,4.27,0.3040935497467303,0.02159884668852019,0.2824947030582101,1,TPIS3
2020-12-28,4.35,0.91,2.99,20.75,0.22,1.08,5.19,-0.03967380255457942,-0.11916741564539568,0.07949361309081626,1,TPIS3
2011-12-28,10.43,2.1,-376.13,20.16,0.96,5.56,27.56,-0.40909531517421327,0.07814766335302648,-0.48724297852723975,0,TRPL4
2012-12-28,6.44,1.07,29.17,16.61,1.91,5.12,30.83,-0.14768430068313565,-0.15889552434702714,0.01121122366389149,1,TRPL4
2013-12-28,141.68,0.9,2.27,0.65,2.09,0.19,29.82,0.621837501023331,-0.021885423371759583,0.6437229243950906,1,TRPL4
2014-12-28,18.04,1.31,13.78,7.23,3.02,2.3,31.74,0.15131764510618395,-0.12725097218067605,0.27856861728686,1,TRPL4
2015-12-28,14.93,1.36,14.18,9.15,2.13,3.06,33.48,0.4702267839935541,0.3660085915364226,0.10421819245713149,1,TRPL4
2016-12-28,2.17,1.04,79.14,47.9,2.81,29.94,62.51,0.08838498765843639,0.27801010337559795,-0.18962511571716156,0,TRPL4
2017-12-28,7.96,0.97,19.18,12.19,3.35,8.29,67.99,0.23855846129420066,0.15032328996623123,0.08823517132796943,1,TRPL4
2018-12-28,6.75,1.12,9.67,16.65,4.63,11.42,68.6,0.40576738385934474,0.3259526437357061,0.07981474012363865,1,TRPL4
2019-12-28,8.43,1.08,11.01,12.81,3.05,2.68,20.89,0.324820609702948,0.02159884668852019,0.3032217630144278,1,TRPL4
2020-12-28,5.45,1.3,13.31,23.8,4.01,5.1,21.44,0.0001251534624520101,-0.11916741564539568,0.11929256910784769,1,TRPL4
2011-12-28,9.11,1.03,3.44,11.29,6.28,8.78,77.76,0.22661162883798136,0.07814766335302648,0.14846396548495489,1,TKNO4
2012-12-28,12.21,1.17,24.56,9.56,7.91,7.25,75.9,0.1531433541482512,-0.15889552434702714,0.31203887849527834,1,TKNO4
2013-12-28,12.06,1.17,18.53,9.74,8.25,7.34,75.36,-0.37465218069552964,-0.021885423371759583,-0.35276675732377005,0,TKNO4
2014-12-28,55.67,1.21,9.05,2.17,6.59,1.59,73.3,0.012054866689340082,-0.12725097218067605,0.13930583887001613,1,TKNO4
2015-12-28,-29.5,1.27,40.51,-4.31,6.6,-3.0,69.47,-0.4227735599708553,0.3660085915364226,-0.7887821515072779,0,TKNO4
2016-12-28,-15.5,1.39,-17.65,-8.94,4.76,-5.71,63.8,0.16627769149689064,0.27801010337559795,-0.1117324118787073,0,TKNO4
2017-12-28,-14.3,1.47,-16.28,-10.31,4.17,-6.19,60.06,0.0,0.15032328996623123,-0.15032328996623123,0,TKNO4
2018-12-28,146.58,0.6,-186.52,0.41,3.25,0.24,58.81,0.0028571808696404855,0.3259526437357061,-0.3230954628660656,0,TKNO4
2019-12-28,11.04,0.57,7.33,5.16,3.17,3.18,61.69,0.21904247797484144,0.02159884668852019,0.19744363128632125,1,TKNO4
2020-12-28,19.03,0.86,8.61,4.54,3.78,2.89,63.79,0.7323916608507721,-0.11916741564539568,0.8515590764961678,1,TKNO4
2011-12-28,10.92,1.58,250.45,14.46,2.39,0.78,5.38,0.5506735500695572,0.07814766335302648,0.47252588671653073,1,RAPT4
2012-12-28,105.75,2.36,16.14,2.29,1.95,0.12,5.37,-0.10224105524796523,-0.15889552434702714,0.05665446909906191,1,RAPT4
2013-12-28,16.9,2.42,9.32,14.31,2.63,0.68,4.75,-0.44921709340519866,-0.021885423371759583,-0.4273316700334391,0,RAPT4
2014-12-28,8.22,0.95,2.37,11.58,2.88,0.58,5.04,-0.4688281217799125,-0.12725097218067605,-0.34157714959923646,0,RAPT4
2015-12-28,-35.0,0.53,5.37,-1.55,2.12,-0.07,4.59,0.48451148630734364,0.3660085915364226,0.11850289477092102,1,RAPT4
2016-12-28,-18.16,0.63,2.68,-3.56,2.45,-0.19,5.47,1.0146955115198821,0.27801010337559795,0.7366854081442842,1,RAPT4
2017-12-28,65.07,1.65,6.91,2.45,1.96,0.14,5.52,0.3162814629673274,0.15032328996623123,0.16595817300109617,1,RAPT4
2018-12-28,22.05,1.64,8.92,7.42,2.2,0.44,5.91,0.5203959125119435,0.3259526437357061,0.1944432687762374,1,RAPT4
2019-12-28,18.61,2.13,9.49,11.38,2.49,0.72,6.29,0.18780223298517384,0.02159884668852019,0.16620338629665365,1,RAPT4
2020-12-28,7.31,1.82,6.0,24.95,1.75,1.92,7.7,-0.2927904086025892,-0.11916741564539568,-0.17362299295719352,0,RAPT4
2011-12-28,7.51,0.96,0.81,12.7,1.68,1.97,15.49,0.06457937538790826,0.07814766335302648,-0.01356828796511822,0,BMEB3
2012-12-28,13.03,0.86,1.75,6.66,1.83,1.19,17.92,-0.11553574760481167,-0.15889552434702714,0.04335977674221547,1,BMEB3
2013-12-28,659.5,0.72,-2.77,0.1,1.97,0.02,18.39,-0.49242432253177626,-0.021885423371759583,-0.4705388991600167,0,BMEB3
2014-12-28,-1.83,0.46,-2.96,-25.47,1.46,-3.67,14.42,0.11860411535400095,-0.12725097218067605,0.245855087534677,1,BMEB3
2015-12-28,4.4,0.46,1.27,10.36,1.64,1.59,15.36,-0.18387233166873984,0.3660085915364226,-0.5498809232051625,0,BMEB3
2016-12-28,13.0,0.34,0.57,2.62,2.12,0.4,15.19,0.24807695110201022,0.27801010337559795,-0.029933152273587726,0,BMEB3
2017-12-28,13.25,0.45,-0.93,3.42,2.15,0.57,16.62,0.08782734424542671,0.15032328996623123,-0.062495945720804524,0,BMEB3
2018-12-28,6.51,0.43,0.91,6.67,2.13,1.16,17.36,0.8959441302367501,0.3259526437357061,0.569991486501044,1,BMEB3
2019-12-28,5.64,0.77,0.81,13.68,1.76,2.32,16.93,0.37465557653538784,0.02159884668852019,0.35305672984686765,1,BMEB3
2020-12-28,6.25,0.95,-23.14,15.29,1.71,2.88,18.85,0.6378671490420547,-0.11916741564539568,0.7570345646874503,1,BMEB3
2012-12-28,12.75,1.83,7.26,14.38,5.8,1.71,11.89,-0.09623546405140349,-0.15889552434702714,0.06266006029562365,1,TAEE11
2013-12-28,7.03,1.46,5.29,20.74,1.63,2.59,12.5,0.10514131199163357,-0.021885423371759583,0.12702673536339315,1,TAEE11
2014-12-28,7.16,1.54,3.76,21.42,2.38,2.63,12.26,-0.0003169620018218522,-0.12725097218067605,0.1269340101788542,1,TAEE11
2015-12-28,6.34,1.32,3.42,20.78,2.06,2.64,12.71,0.41588601503544353,0.3660085915364226,0.04987742349902091,1,TAEE11
2016-12-28,8.3,1.66,4.43,20.01,1.82,2.5,12.5,0.12558640439195234,0.27801010337559795,-0.1524236989836456,0,TAEE11
2017-12-28,11.06,1.65,4.87,14.91,3.02,1.88,12.62,0.261254690979162,0.15032328996623123,0.11093140101293075,1,TAEE11
2018-12-28,7.97,1.87,7.14,23.43,2.98,3.11,13.27,0.3977751373511669,0.3259526437357061,0.07182249361546078,1,TAEE11
2019-12-28,10.71,2.18,11.99,20.33,3.58,2.91,14.3,0.21465311266274867,0.02159884668852019,0.19305426597422848,1,TAEE11
2020-12-28,5.07,1.91,10.92,37.55,2.8,6.57,17.49,0.20945445188313427,-0.11916741564539568,0.32862186752852995,1,TAEE11
2011-12-28,21.58,0.67,9.58,3.1,2.56,0.83,26.83,0.30600162428142497,0.07814766335302648,0.2278539609283985,1,GOAU4
2012-12-28,45.8,0.78,4.9,1.7,1.8,0.5,29.31,0.03260215765870922,-0.15889552434702714,0.19149768200573636,1,GOAU4
2013-12-28,42.55,0.71,5.41,1.67,2.49,0.55,32.98,-0.5189072144194282,-0.021885423371759583,-0.49702179104766864,0,GOAU4
2014-12-28,51.36,0.33,4.06,0.65,2.43,0.22,34.15,-0.8466370925778669,-0.12725097218067605,-0.7193861203971909,0,GOAU4
2015-12-28,-0.65,0.05,0.22,-7.64,2.68,-2.55,33.31,1.8734929036148515,0.3660085915364226,1.507484312078429,1,GOAU4
2016-12-28,-3.18,0.19,1.32,-5.9,1.98,-1.51,25.53,0.2188732325518088,0.27801010337559795,-0.059136870823789156,0,GOAU4
2017-12-28,-33.59,0.29,3.3,-0.87,2.33,-0.22,25.51,0.23053865716699873,0.15032328996623123,0.0802153672007675,1,GOAU4
2018-12-28,8.17,0.26,3.19,3.15,1.92,0.87,27.73,0.341116474876618,0.3259526437357061,0.01516383114091191,1,GOAU4
2019-12-28,23.79,0.37,6.3,1.56,2.46,0.39,25.04,0.2402755743057554,0.02159884668852019,0.21867672761723522,1,GOAU4
2020-12-28,14.07,0.38,2.48,2.68,2.16,0.8,30.01,0.24149262333118893,-0.11916741564539568,0.3606600389765846,1,GOAU4
2011-12-28,7.56,0.31,3.24,4.11,1.15,1.28,31.1,0.19099778856857164,0.07814766335302648,0.11285012521554516,1,CEDO3
2012-12-28,8.46,0.34,4.15,4.06,1.23,1.3,32.13,0.16313092298037613,-0.15889552434702714,0.32202644732740326,1,CEDO3
2013-12-28,9.23,0.36,90.84,3.94,1.18,1.3,33.01,-0.3000000317891439,-0.021885423371759583,-0.27811460841738433,0,CEDO3
2014-12-28,-8.75,0.26,18.61,-3.03,1.12,-0.96,31.77,-0.04761900436850974,-0.12725097218067605,0.0796319678121663,1,CEDO3
2015-12-28,-0.86,0.36,2.52,-42.3,0.95,-9.31,22.02,-0.25,0.3660085915364226,-0.6160085915364226,0,CEDO3
2016-12-28,-0.43,0.77,-3.12,-180.95,0.76,-14.03,7.75,0.1333333651224773,0.4701247867251013,-0.336791421602624,0,CEDO3
2018-12-28,1.23,0.29,-1.61,23.29,1.04,4.86,20.87,0.32352937464070664,0.3259526437357061,-0.0024232690949994584,0,CEDO3
2019-12-28,-5.11,0.46,2.55,-9.01,0.97,-1.76,19.48,0.3911111619737413,0.02159884668852019,0.3695123152852211,1,CEDO3
2020-12-28,-1.76,0.71,1.55,-40.28,0.84,-5.85,14.51,-0.42571886626713906,-0.11916741564539568,-0.3065514506217434,0,CEDO3
2011-12-28,11.9,1.46,9.78,12.33,1.23,1.79,14.55,0.17244583325424934,0.07814766335302648,0.09429816990122286,1,PSSA3
2012-12-28,11.13,1.5,-41.69,13.46,1.28,2.11,15.68,0.32434478866274863,-0.15889552434702714,0.48324031300977577,1,PSSA3
2013-12-28,6.84,1.63,6.94,23.84,1.13,4.35,18.23,0.10517843946726524,-0.021885423371759583,0.12706386283902482,1,PSSA3
2014-12-28,11.22,1.64,10.92,14.6,0.99,2.71,18.56,0.02047824432258949,-0.12725097218067605,0.14772921650326554,1,PSSA3
2015-12-28,9.29,1.44,8.94,15.5,1.32,3.1,19.98,-0.05057366254284412,0.3660085915364226,-0.41658225407926674,0,PSSA3
2016-12-28,9.51,1.24,16.71,13.08,1.34,2.83,21.65,0.416164594136446,0.27801010337559795,0.13815449076084807,1,PSSA3
2017-12-28,14.15,2.02,11.87,14.27,1.41,3.41,23.87,0.6509572853837386,0.15032328996623123,0.5006339954175074,1,PSSA3
2018-12-28,13.29,2.28,16.87,17.15,1.31,4.05,23.64,0.252510165971328,0.3259526437357061,-0.07344247776437807,0,PSSA3
2019-12-28,14.69,2.45,16.44,16.68,1.27,4.27,25.58,-0.2603363583346493,-0.10014244769766767,-0.16019391063698163,0,PSSA3
2011-12-28,13.05,2.47,35.14,18.75,2.4,0.42,2.22,0.6173641756345094,0.07814766335302648,0.5392165122814829,1,JHSF3
2012-12-28,24.6,3.49,2463.35,14.08,3.67,0.35,2.47,-0.48742765064039983,-0.15889552434702714,-0.3285321262933727,0,JHSF3
2013-12-28,6.98,1.01,-125.67,14.41,3.38,0.61,4.22,-0.48647240359249977,-0.021885423371759583,-0.4645869802207402,0,JHSF3
2014-12-28,29.38,0.54,5.24,1.83,1.77,0.08,4.36,-0.4036698133812895,-0.12725097218067605,-0.27641884120061344,0,JHSF3
2015-12-28,6.05,0.25,2.35,4.07,1.13,0.21,5.08,0.10000011170114131,0.3660085915364226,-0.2660084798352813,0,JHSF3
2016-12-28,-2.94,0.33,-2.09,-11.44,1.91,-0.48,4.22,0.22377625573141047,0.27801010337559795,-0.05423384764418748,0,JHSF3
2017-12-28,-3.65,0.43,-44.19,-11.64,1.04,-0.48,4.11,0.09714273623208602,0.15032328996623123,-0.05318055373414521,0,JHSF3
2018-12-28,7.0,0.57,-11.85,8.04,0.97,0.35,4.32,2.847383640792174,0.3259526437357061,2.521430997056468,1,JHSF3
2019-12-28,13.98,1.49,46.52,10.54,2.16,0.51,4.79,0.11665006764631558,0.02159884668852019,0.09505122095779539,1,JHSF3
2020-12-28,8.31,1.4,30.86,16.82,1.72,0.94,5.59,-0.19852238508642517,-0.11916741564539568,-0.07935496944102949,0,JHSF3
2011-12-28,10.14,3.06,6.67,30.16,1.52,1.38,4.58,-0.2726628818700132,0.07814766335302648,-0.35081054522303967,0,CSRN3
2012-12-28,6.85,2.02,5.5,29.53,1.15,1.46,4.95,0.05499372639258171,-0.15889552434702714,0.21388925073960885,1,CSRN3
2013-12-28,8.08,1.9,6.45,23.38,1.58,1.24,5.28,-0.08621036534438098,-0.021885423371759583,-0.0643249419726214,0,CSRN3
2014-12-28,6.86,1.66,6.81,24.14,1.14,1.18,4.89,0.36140930141661864,-0.12725097218067605,0.4886602735972947,1,CSRN3
2015-12-28,7.72,1.87,4.21,24.28,1.38,1.23,5.08,0.6324202761510442,0.3660085915364226,0.2664116846146216,1,CSRN3
2016-12-28,13.33,2.83,7.37,21.14,0.9,1.08,5.09,0.3450672598104525,0.27801010337559795,0.06705715643485455,1,CSRN3
2017-12-28,17.48,3.86,28.78,22.09,1.01,1.12,5.07,-0.03765797672386506,0.15032328996623123,-0.1879812666900963,0,CSRN3
2018-12-28,11.47,2.87,12.48,25.0,1.39,1.44,5.75,0.18727621767339908,0.3259526437357061,-0.138676426062307,0,CSRN3
2019-12-28,11.54,2.99,6.58,25.96,1.76,1.62,6.26,0.013021636316928431,-0.10014244769766767,0.1131640840145961,1,CSRN3
2013-12-28,14.01,0.99,5.81,7.07,1.8,1.16,16.39,0.1690848516493728,-0.021885423371759583,0.1909702750211324,1,ALUP11
2014-12-28,12.17,1.14,5.79,9.35,1.98,1.45,15.49,-0.19140068319745218,-0.12725097218067605,-0.06414971101677613,0,ALUP11
2015-12-28,15.65,0.81,2.61,5.14,1.2,0.84,16.25,0.616923977302106,0.3660085915364226,0.2509153857656834,1,ALUP11
2016-12-28,13.79,0.94,3.77,6.82,1.45,1.24,18.21,0.14721196419195182,0.27801010337559795,-0.13079813918364613,0,ALUP11
2017-12-28,13.27,0.78,3.97,5.9,2.11,1.32,22.4,0.034012160160786564,0.15032328996623123,-0.11631112980544467,0,ALUP11
2018-12-28,11.83,0.73,6.73,6.18,3.26,1.55,25.02,0.519121354200613,0.3259526437357061,0.1931687104649069,1,ALUP11
2019-12-28,9.08,1.07,-74.74,11.81,2.61,3.04,25.73,0.0022168651657756833,0.02159884668852019,-0.019381981522744507,0,ALUP11
2020-12-28,8.44,0.89,-13.13,10.53,1.78,3.21,30.52,-0.06067627286266608,-0.11916741564539568,0.0584911427827296,1,ALUP11
2011-12-28,7.72,0.95,3.66,12.3,0.85,0.6,4.85,1.020689020076996,0.07814766335302648,0.9425413567239695,1,SAPR4
2012-12-28,12.93,1.77,5.93,13.82,1.06,0.7,5.1,-0.21194528499047605,-0.15889552434702714,-0.05304976064344891,0,SAPR4
2013-12-28,7.98,0.91,4.06,11.3,1.1,0.85,7.48,-0.06150728623830637,-0.021885423371759583,-0.039621862866546786,0,SAPR4
2014-12-28,6.59,0.73,3.57,11.09,0.73,0.88,7.98,-0.3594012497584286,-0.12725097218067605,-0.23215027757775253,0,SAPR4
2015-12-28,3.64,0.38,1.83,10.49,1.0,0.92,8.77,2.5964019143187356,0.3660085915364226,2.230393322782313,1,SAPR4
2016-12-28,8.14,1.07,4.67,13.04,1.35,1.32,10.09,0.1745424110894036,0.27801010337559795,-0.10346769228619435,0,SAPR4
2017-12-28,7.48,1.0,3.79,13.32,0.99,1.44,10.81,-0.022503528418672758,0.15032328996623123,-0.172826818384904,0,SAPR4
2018-12-28,7.43,1.16,4.86,15.61,0.78,1.87,12.0,1.0986341761330345,0.3259526437357061,0.7726815323973284,1,SAPR4
2019-12-28,9.85,1.72,7.27,17.49,0.91,2.14,12.26,-0.20208098158429222,0.02159884668852019,-0.2236798282728124,0,SAPR4
2020-12-28,6.24,0.9,3.9,14.35,1.21,0.66,4.59,-0.24731103896730655,-0.11916741564539568,-0.12814362332191087,0,SAPR4
2011-12-28,5.8,0.06,0.17,1.17,2.11,0.05,4.56,0.4390318001420972,0.07814766335302648,0.3608841367890707,1,UNIP6
2012-12-28,0.85,0.08,0.35,9.54,1.97,0.47,4.93,0.34496912619676445,-0.15889552434702714,0.5038646505437916,1,UNIP6
2013-12-28,0.12,0.06,0.29,48.53,1.09,4.31,8.88,-0.07324176261183757,-0.021885423371759583,-0.051356339240077986,0,UNIP6
2014-12-28,0.59,0.05,0.18,8.44,1.03,0.79,9.3,-0.06918137098106891,-0.12725097218067605,0.058069601199607135,1,UNIP6
2015-12-28,4.12,0.44,1.24,10.62,1.24,1.05,9.9,0.7404501768900178,0.3660085915364226,0.3744415853535952,1,UNIP6
2016-12-28,2.04,0.45,1.78,21.84,1.08,3.36,15.39,2.7908124347532506,0.27801010337559795,2.5128023313776526,1,UNIP6
2017-12-28,4.38,1.23,3.14,28.21,0.96,3.62,12.84,1.6552975898488982,0.15032328996623123,1.504974299882667,1,UNIP6
2018-12-28,5.83,2.13,3.45,36.52,1.42,6.32,17.31,0.16767630376625253,0.3259526437357061,-0.15827633996945356,0,UNIP6
2019-12-28,20.88,2.45,8.01,11.7,1.54,1.71,14.59,0.4022690317570783,0.02159884668852019,0.3806701850685581,1,UNIP6
2020-12-28,37.81,4.96,8.52,13.13,1.47,2.11,16.08,1.3895453107101914,-0.11916741564539568,1.508712726355587,1,UNIP6
2011-12-28,51.23,3.85,16.89,7.49,1.01,0.81,10.79,-0.01965593361068918,0.07814766335302648,-0.09780359696371566,0,ENBR3
2012-12-28,22.3,1.19,8.19,5.38,0.89,0.56,10.46,-0.08305453388292983,-0.15889552434702714,0.07584099046409731,1,ENBR3
2013-12-28,18.31,1.1,8.1,6.01,1.02,0.62,10.3,-0.1249300413959048,-0.021885423371759583,-0.10304461802414522,0,ENBR3
2014-12-28,7.29,0.83,7.63,11.32,0.88,1.23,10.82,0.41928478874088837,-0.12725097218067605,0.5465357609215644,1,ENBR3
2015-12-28,5.76,0.98,4.66,16.91,1.24,2.09,12.34,0.1963563875272205,0.3660085915364226,-0.1696522040092021,0,ENBR3
2016-12-28,12.18,0.9,3.49,7.42,1.17,1.1,14.81,0.06085062821381282,0.27801010337559795,-0.21715947516178513,0,ENBR3
2017-12-28,13.37,0.91,5.95,6.77,1.21,1.01,14.89,0.13463488357060216,0.15032328996623123,-0.015688406395629073,0,ENBR3
2018-12-28,8.09,1.07,5.87,13.16,1.54,2.1,15.94,0.5548829863988654,0.3259526437357061,0.22893034266315926,1,ENBR3
2019-12-28,10.0,1.29,5.34,12.95,1.28,2.21,17.08,-0.059815555692699585,0.02159884668852019,-0.08141440238121977,0,ENBR3
2020-12-28,7.42,0.99,5.34,13.4,0.93,2.48,18.55,0.10631336416867043,-0.11916741564539568,0.2254807798140661,1,ENBR3
2011-12-28,7.93,1.84,23.8,23.21,3.64,1.99,8.59,0.6788821572469228,0.07814766335302648,0.6007344938938963,1,EZTC3
2012-12-28,12.6,2.53,-31.28,20.05,4.05,2.04,10.16,0.12140325382771033,-0.15889552434702714,0.2802987781747375,1,EZTC3
2013-12-28,8.21,2.28,203.71,27.77,3.95,3.55,12.79,-0.16749256375286137,-0.021885423371759583,-0.14560714038110179,0,EZTC3
2014-12-28,7.67,1.5,781.33,19.63,2.3,2.87,14.65,-0.37406416806539033,-0.12725097218067605,-0.2468131958847143,0,EZTC3
2015-12-28,4.74,0.78,28.43,16.41,5.58,2.69,16.4,0.3861750560869004,0.3660085915364226,0.02016646455047777,1,EZTC3
2016-12-28,11.18,0.91,21.93,8.09,5.09,1.4,17.24,0.6499325688335824,0.27801010337559795,0.37192246545798446,1,EZTC3
2017-12-28,10.97,1.53,5.34,13.99,4.41,2.17,15.54,0.1856020258075557,0.15032328996623123,0.03527873584132446,1,EZTC3
2018-12-28,45.42,1.68,31.67,3.7,8.05,0.59,15.98,1.4851575001836599,0.3259526437357061,1.1592048564479538,1,EZTC3
2019-12-28,41.85,3.09,140.66,7.38,7.41,1.24,16.78,-0.1528311541424443,0.02159884668852019,-0.1744300008309645,0,EZTC3
2020-12-28,8.04,1596.0,-121409.49,9.8,5.5,2.46,0.02,-0.5132443834980491,-0.11916741564539568,-0.39407696785265345,0,EZTC3
2016-12-28,14.77,3.46,9.05,23.39,1.86,2.37,10.13,0.1023014460174787,0.27801010337559795,-0.17570865735811925,0,EGIE3
2017-12-28,12.5,3.67,75.52,29.31,0.66,3.07,10.47,0.3026336125179738,0.15032328996623123,0.1523103225517426,1,EGIE3
2018-12-28,12.03,4.41,8.86,36.62,1.09,3.55,9.68,0.6164906138744848,0.3259526437357061,0.2905379701387787,1,EGIE3
2019-12-28,17.95,5.92,11.45,33.0,1.13,2.83,8.58,-0.12678525361372983,-0.10014244769766767,-0.026642805916062162,0,EGIE3
2011-12-28,22.15,3.31,-61.7,14.98,1.28,0.65,4.35,0.12499574498481647,0.07814766335302648,0.046848081631789995,1,ITSA3
2012-12-28,23.75,3.29,5.49,13.88,1.2,0.61,4.4,-0.06893768630199848,-0.15889552434702714,0.08995783804502866,1,ITSA3
2013-12-28,16.49,2.62,182.17,15.84,1.81,0.77,4.84,-0.06769468818771529,-0.021885423371759583,-0.04580926481595571,0,ITSA3
2014-12-28,9.15,1.71,89.53,18.73,1.72,1.06,5.68,-0.1514689243540237,-0.12725097218067605,-0.024217952173347657,0,ITSA3
2015-12-28,5.91,1.09,52.98,18.53,1.92,1.19,6.44,0.32783630096650374,0.3660085915364226,-0.03817229056991889,0,ITSA3
2016-12-28,7.23,1.18,125.61,16.2,1.71,1.11,6.82,0.4055292239533703,0.27801010337559795,0.12751912057777237,1,ITSA3
2017-12-28,12.4,1.85,155.6,14.95,1.76,1.13,7.57,0.5121753817383023,0.15032328996623123,0.3618520917720711,1,ITSA3
2018-12-28,13.09,2.12,-186.26,16.25,2.66,1.12,6.91,0.12753078016120756,0.3259526437357061,-0.19842186357449854,0,ITSA3
2019-12-28,11.42,2.02,147.35,17.67,2.48,1.23,6.94,-0.09667549195991565,0.02159884668852019,-0.11827433864843584,0,ITSA3
2020-12-28,14.69,1.71,77.11,11.64,2.15,0.84,7.21,-0.16733706101673285,-0.11916741564539568,-0.048169645371337166,0,ITSA3
2011-12-28,6.46,0.31,5.63,4.83,1.4,2.76,57.08,-0.6077680859442937,0.07814766335302648,-0.6859157492973201,0,ELET3
2012-12-28,-1.24,0.13,0.62,-10.22,1.44,-5.09,49.74,0.014410138601810507,-0.15889552434702714,0.17330566294883765,1,ELET3
2013-12-28,-1.26,0.13,0.85,-10.36,1.52,-4.65,44.87,0.2561330333343521,-0.021885423371759583,0.2780184567061117,1,ELET3
2014-12-28,-2.59,0.14,1.51,-5.33,1.58,-2.24,42.03,-0.05290107919056164,-0.12725097218067605,0.07434989299011441,1,ELET3
2015-12-28,-0.54,0.19,1.12,-34.6,1.05,-10.68,30.86,3.097297843395201,0.3660085915364226,2.7312892518587786,1,ELET3
2016-12-28,9.02,0.7,16.34,7.77,0.94,2.53,32.58,-0.1495161593524541,0.27801010337559795,-0.42752626272805205,0,ELET3
2017-12-28,-17.16,0.71,12.65,-4.13,1.09,-1.3,31.61,0.2528437743981413,0.15032328996623123,0.10252048443191009,1,ELET3
2018-12-28,3.74,0.89,20.59,23.68,1.28,9.8,41.41,0.5997353423658307,0.3259526437357061,0.2737826986301246,1,ELET3
2019-12-28,4.78,0.72,-592.26,14.98,1.59,7.91,52.78,0.08272012062005119,0.02159884668852019,0.061121273931530995,1,ELET3
2020-12-28,7.71,0.81,-1608.48,10.53,1.88,5.13,48.68,-0.018575890988796417,-0.11916741564539568,0.10059152465659926,1,ELET3
2011-12-28,27.89,2.08,-120.08,7.4,1.74,0.19,2.55,1.269023671973541,0.07814766335302648,1.1908760086205146,1,BEEF3
2012-12-28,-13.88,3.58,6.46,-25.73,2.15,-0.81,3.14,-0.008007112551028595,-0.15889552434702714,0.15088841179599854,1,BEEF3
2013-12-28,-8.78,6.22,5.81,-70.77,2.12,-1.31,1.85,-0.13811653061848161,-0.021885423371759583,-0.11623110724672203,0,BEEF3
2014-12-28,-5.69,4.95,6.95,-87.03,2.19,-1.74,2.0,0.3277834573610179,-0.12725097218067605,0.45503442954169393,1,BEEF3
2015-12-28,-3.98,-8.31,3.33,209.2,1.65,-3.34,-1.6,-0.05956126794852479,0.3660085915364226,-0.4255698594849474,0,BEEF3
2016-12-28,15.0,5.57,5.01,37.33,2.01,0.81,2.18,-0.08784845228288596,0.27801010337559795,-0.3658585556584839,0,BEEF3
2017-12-28,-7.18,28.0,3.43,-395.38,1.86,-1.17,0.3,-0.5314552731276921,0.15032328996623123,-0.6817785630939234,0,BEEF3
2018-12-28,-1.33,-5.58,1.27,420.03,1.36,-5.27,-1.26,1.553106022680908,0.3259526437357061,1.2271533789452018,1,BEEF3
2019-12-28,321.0,-18.34,2.95,-5.74,1.47,0.04,-0.7,-0.15770403794323984,0.02159884668852019,-0.17930288463176003,0,BEEF3
2020-12-28,8.02,6.65,1.73,82.98,1.76,1.27,1.53,0.14287722715830586,-0.11916741564539568,0.26204464280370154,1,BEEF3
2011-12-28,13.57,2.06,59.82,15.17,4.6,1.99,13.1,0.163540896065421,0.07814766335302648,0.08539323271239452,1,ITUB3
2012-12-28,17.32,2.17,-25.94,12.58,8.41,1.8,14.34,0.06463680926075277,-0.15889552434702714,0.2235323336077799,1,ITUB3
2013-12-28,15.1,1.98,55.2,13.07,9.39,1.95,14.91,0.23649474501857992,-0.021885423371759583,0.2583801683903395,1,ITUB3
2014-12-28,11.1,1.9,35.34,17.07,8.9,2.91,17.03,-0.11151333669148122,-0.12725097218067605,0.015737635489194823,1,ITUB3
2015-12-28,6.98,1.33,4.67,19.05,3.12,3.52,18.5,0.40042872617770864,0.3660085915364226,0.034420134641286015,1,ITUB3
2016-12-28,9.52,1.51,-146.22,15.9,0.75,3.15,19.81,0.36100273880364386,0.27801010337559795,0.08299263542804591,1,ITUB3
2017-12-28,12.63,2.08,-24.45,16.43,1.06,3.53,21.48,0.28125023514167946,0.15032328996623123,0.13092694517544823,1,ITUB3
2018-12-28,13.33,2.22,41.03,16.64,1.02,2.24,13.45,-0.2698981486640578,0.19316850046081901,-0.46306664912487683,0,ITUB3
2011-12-28,18.67,0.8,4.74,4.25,1.21,0.83,19.42,0.3425942627488143,0.07814766335302648,0.26444659939578785,1,SLCE3
2012-12-28,50.9,0.98,68.49,1.91,1.34,0.39,20.16,0.028230177982701887,-0.15889552434702714,0.18712570232972903,1,SLCE3
2013-12-28,21.03,0.94,-31.95,4.47,1.22,0.97,21.61,-0.27854217701034745,-0.021885423371759583,-0.25665675363858786,0,SLCE3
2014-12-28,20.43,0.58,18.44,2.84,1.2,0.69,24.2,0.1798115437551473,-0.12725097218067605,0.30706251593582334,1,SLCE3
2015-12-28,13.27,0.68,5.92,5.12,1.25,1.24,24.19,-0.0845912318977502,0.3660085915364226,-0.4505998234341728,0,SLCE3
2016-12-28,48.23,0.54,4.68,1.14,1.27,0.3,26.58,1.0092803541756896,0.27801010337559795,0.7312702508000917,1,SLCE3
2017-12-28,9.94,1.31,9.53,13.19,1.35,3.6,27.32,0.8578842920959395,0.15032328996623123,0.7075610021297083,1,SLCE3
2018-12-28,10.64,1.45,9.96,13.64,1.37,3.86,28.26,0.24164596749175038,0.3259526437357061,-0.08430667624395571,0,SLCE3
2019-12-28,15.21,1.58,8.88,10.44,1.51,1.63,15.66,0.20816670721781017,0.02159884668852019,0.18656786052928997,1,SLCE3
2020-12-28,-58.24,3.7,19.37,-6.36,1.47,-0.97,15.27,0.6017998820157864,-0.11916741564539568,0.7209672976611821,1,SLCE3
2013-12-28,25.27,6.53,22.47,25.77,4.4,0.93,3.6,0.32587229812053375,-0.021885423371759583,0.34775772149229334,1,SEER3
2014-12-28,17.3,5.92,20.93,34.13,1.83,1.71,5.0,-0.7282172051491953,-0.12725097218067605,-0.6009662329685193,0,SEER3
2015-12-28,5.97,1.27,12.51,21.27,1.84,1.29,6.05,1.3271897521604408,0.3660085915364226,0.9611811606240181,1,SEER3
2016-12-28,10.15,2.46,8.12,24.25,1.92,1.84,7.59,0.7993634114611843,0.27801010337559795,0.5213533080855863,1,SEER3
2017-12-28,18.99,2.49,10.53,13.09,4.29,1.58,12.05,-0.4898540776760838,0.15032328996623123,-0.640177367642315,0,SEER3
2018-12-28,12.65,1.73,6.56,13.69,2.81,1.61,11.74,1.0465562233726167,0.3259526437357061,0.7206035796369106,1,SEER3
2019-12-28,26.18,2.73,18.96,10.42,1.59,1.06,10.17,-0.44964901337298613,0.02159884668852019,-0.4712478600615063,0,SEER3
2020-12-28,10.16,1.17,6.12,11.57,2.41,1.28,11.08,-0.3063936795088348,-0.11916741564539568,-0.1872262638634391,0,SEER3
2011-12-28,24.94,5.86,-29.03,23.47,2.17,0.83,3.53,0.8661123969369071,0.07814766335302648,0.7879647335838806,1,HBOR3
2012-12-28,11.84,2.87,-36.19,24.12,2.29,1.06,4.38,-0.17717001998514648,-0.15889552434702714,-0.018274495638119337,0,HBOR3
2013-12-28,6.61,1.17,-126.32,17.75,2.95,1.18,6.65,-0.31986818945856466,-0.021885423371759583,-0.2979827660868051,0,HBOR3
2014-12-28,5.79,0.69,9.54,11.85,2.41,0.82,6.9,-0.6225952410752718,-0.12725097218067605,-0.4953442688945957,0,HBOR3
2015-12-28,5.81,0.22,-1.09,3.68,3.05,0.27,7.26,0.0023804905512136987,0.3660085915364226,-0.3636281009852089,0,HBOR3
2016-12-28,-3.85,0.21,-1.77,-5.5,2.29,-0.4,7.28,0.3532735834195211,0.27801010337559795,0.07526348004392314,1,HBOR3
2017-12-28,-1.77,0.31,-14.25,-17.44,3.09,-1.11,6.36,-0.22959186043858504,0.15032328996623123,-0.37991515040481627,0,HBOR3
2018-12-28,-1.01,0.3,1.69,-29.67,1.97,-1.32,4.46,1.980132179645476,0.3259526437357061,1.65417953590977,1,HBOR3
2019-12-28,-28.44,1.9,23.98,-6.5,2.75,-0.16,2.4,-0.47066666007131075,0.02159884668852019,-0.49226550675983094,0,HBOR3
2020-12-28,42.0,0.67,-16.13,1.58,3.12,0.2,12.51,-0.6149528265741792,-0.11916741564539568,-0.4957854109287835,0,HBOR3
2011-12-28,5.24,0.58,19.96,11.02,1.96,0.62,5.63,0.5859373412590283,0.07814766335302648,0.5077896779060018,1,CTSA3
2012-12-28,5.98,0.78,5.86,13.07,4.06,0.81,6.24,0.1718748952670952,-0.15889552434702714,0.33077041961412235,1,CTSA3
2013-12-28,6.8,0.88,-22.98,12.99,2.35,0.9,6.93,-0.38424585235684194,-0.021885423371759583,-0.36236042898508236,0,CTSA3
2014-12-28,162.0,0.47,-4.48,0.35,1.96,0.02,6.91,-0.2727191273778087,-0.12725097218067605,-0.14546815519713263,0,CTSA3
2015-12-28,-4.35,0.37,-13.63,-8.4,1.56,-0.54,6.38,-0.30638317445443297,0.3660085915364226,-0.6723917659908556,0,CTSA3
2016-12-28,-20.12,0.26,3.39,-1.28,1.32,-0.08,6.3,1.2503405169284147,0.27801010337559795,0.9723304135528168,1,CTSA3
2017-12-28,9.58,0.55,4.8,5.77,1.1,0.38,6.63,0.8397431621426219,0.15032328996623123,0.6894198721763907,1,CTSA3
2018-12-28,6.99,0.89,-3.06,12.84,1.37,0.67,5.23,0.43283097728312003,0.3259526437357061,0.10687833354741394,1,CTSA3
2019-12-28,23.7,0.87,4.24,3.68,1.36,0.27,7.33,-0.5697358459012286,0.02159884668852019,-0.5913346925897488,0,CTSA3
2020-12-28,5.41,1.04,5.09,-0.01,1.07,0.34,2.56,-0.3011152436726785,-0.11916741564539568,-0.18194782802728282,0,CTSA3
2011-12-28,17.33,4.25,31.21,24.46,2.4,1.48,6.03,0.4057600071536456,0.07814766335302648,0.3276123438006191,1,TGMA3
2012-12-28,27.78,5.56,35.66,20.08,1.3,1.26,6.29,-0.46790174833773757,-0.15889552434702714,-0.3090062239907104,0,TGMA3
2013-12-28,24.0,2.96,10.44,12.31,2.29,0.75,6.08,-0.12969073550710286,-0.021885423371759583,-0.10780531213534328,0,TGMA3
2014-12-28,-45.4,2.89,-8.5,-6.34,3.57,-0.35,5.49,-0.708638628532883,-0.12725097218067605,-0.5813876563522069,0,TGMA3
2015-12-28,31.33,0.85,2.77,2.72,2.14,0.15,5.54,0.7094596524729191,0.3660085915364226,0.34345106093649647,1,TGMA3
2016-12-28,36.62,1.35,6.02,3.69,1.5,0.21,5.68,1.6833514721580172,0.27801010337559795,1.4053413687824192,1,TGMA3
2017-12-28,14.87,3.43,18.13,23.12,1.94,1.57,6.8,0.46249318218239965,0.15032328996623123,0.3121698922161684,1,TGMA3
2018-12-28,16.09,3.59,16.6,22.35,1.98,1.64,7.34,0.4563036550314039,0.3259526437357061,0.13035101129569782,1,TGMA3
2019-12-28,12.81,4.32,13.99,33.73,1.67,2.94,8.71,-0.2797154920365432,0.02159884668852019,-0.3013143387250634,0,TGMA3
2020-12-28,24.08,2.84,8.74,11.77,2.52,1.12,9.48,-0.4092409259090053,-0.11916741564539568,-0.2900735102636096,0,TGMA3
2011-12-28,-5.97,1.3,2.95,-21.82,1.4,-1.43,6.56,0.015568762441253714,0.07814766335302648,-0.06257890091177276,0,MRFG3
2012-12-28,-19.72,1.03,39.85,-5.2,1.33,-0.43,8.26,-0.5400943495505095,-0.15889552434702714,-0.38119882520348236,0,MRFG3
2013-12-28,-2.29,0.67,10.57,-29.29,2.03,-1.75,5.98,0.5615387689361453,-0.021885423371759583,0.5834241923079049,1,MRFG3
2014-12-28,-4.3,1.54,1.89,-35.69,1.79,-1.42,3.97,0.04269276686106238,-0.12725097218067605,0.16994373904173843,1,MRFG3
2015-12-28,-5.67,3.92,1.58,-69.46,1.82,-1.12,1.62,0.03779513695270098,0.3660085915364226,-0.32821345458372164,0,MRFG3
2016-12-28,-5.08,3.13,2.06,-61.7,1.26,-1.3,2.11,0.11077418136712103,0.27801010337559795,-0.16723592200847692,0,MRFG3
2017-12-28,-6.08,1.12,-419.68,-18.35,1.62,-0.93,5.05,-0.2540984648662582,0.15032328996623123,-0.40442175483248943,0,MRFG3
2018-12-28,2.23,0.78,2.05,34.78,1.36,2.68,7.7,0.7875458427108484,0.3259526437357061,0.4615931989751423,1,MRFG3
2019-12-28,32.13,3.98,2.72,12.28,1.36,0.31,2.5,0.48975419592419733,0.02159884668852019,0.46815534923567714,1,MRFG3
2020-12-28,3.13,2.94,-98.64,93.96,1.33,4.64,4.94,0.8813130690965185,-0.11916741564539568,1.0004804847419142,1,MRFG3
2011-12-28,11.76,2.43,5.4,20.36,1.18,0.25,1.21,0.06541038462811288,0.07814766335302648,-0.012737278724913592,0,WHRL3
2012-12-28,7.93,2.23,7.99,28.44,1.26,0.4,1.42,0.38267166396365826,-0.15889552434702714,0.5415671883106854,1,WHRL3
2013-12-28,7.2,2.37,5.08,32.98,1.32,0.54,1.64,0.2505419180575681,-0.021885423371759583,0.2724273414293277,1,WHRL3
2014-12-28,8.51,2.82,14.23,33.23,1.21,0.47,1.42,-0.2770843386151467,-0.12725097218067605,-0.14983336643447065,0,WHRL3
2015-12-28,13.68,1.56,-9.32,11.43,1.16,0.19,1.67,0.1119133389476088,0.3660085915364226,-0.2540952525888138,0,WHRL3
2016-12-28,14.33,1.78,3.74,12.25,1.19,0.21,1.69,0.7019655607998769,0.27801010337559795,0.423955457424279,1,WHRL3
2017-12-28,17.52,3.22,7.44,18.35,1.22,0.29,1.58,-0.047823834360524065,0.15032328996623123,-0.1981471243267553,0,WHRL3
2018-12-28,36.67,3.01,5.04,8.25,1.22,0.12,1.46,1.4741145498659605,0.3259526437357061,1.1481619061302544,1,WHRL3
2019-12-28,8.45,4.96,22.67,58.79,1.38,1.18,2.01,0.009516947397000264,0.02159884668852019,-0.012081899291519926,0,WHRL3
2020-12-28,14.94,5.48,6.57,36.94,1.16,0.47,1.28,-0.03994781629973221,-0.11916741564539568,0.07921959934566347,1,WHRL3
2011-12-28,-5.18,0.44,-3.98,-8.64,1.79,-0.55,6.41,0.021201689534659618,0.07814766335302648,-0.05694597381836686,0,TRIS3
2012-12-28,7.81,0.43,0.97,5.58,1.88,0.37,6.68,0.3017139117565706,-0.15889552434702714,0.4606094361035977,1,TRIS3
2013-12-28,9.29,0.48,0.71,5.13,2.14,0.42,8.2,-0.04405562580675548,-0.021885423371759583,-0.0221702024349959,0,TRIS3
2014-12-28,10.64,0.38,1.25,3.54,2.43,0.28,7.81,-0.1700168199905817,-0.12725097218067605,-0.042765847809905666,0,TRIS3
2015-12-28,10.77,0.37,4.37,3.5,2.58,0.26,7.48,0.09304694336795705,0.3660085915364226,-0.2729616481684656,0,TRIS3
2016-12-28,72.5,0.4,1.45,0.5,2.54,0.04,7.17,0.48117091663425926,0.27801010337559795,0.2031608132586613,1,TRIS3
2017-12-28,11.9,0.76,6.69,6.39,2.87,0.48,7.5,1.1321132041578985,0.15032328996623123,0.9817899141916673,1,TRIS3
2018-12-28,9.59,1.14,-30.6,11.98,2.59,0.49,4.11,2.8213800855514823,0.3259526437357061,2.4954274418157762,1,TRIS3
2019-12-28,20.4,2.61,64.22,12.81,3.15,0.75,5.86,-0.1972737348689474,0.02159884668852019,-0.21887258155746758,0,TRIS3
2020-12-28,10.88,1.52,-9.9,14.02,3.68,0.91,6.5,-0.48163045463146137,-0.11916741564539568,-0.3624630389860657,0,TRIS3
2011-12-28,14.22,2.93,8.82,20.57,0.7,1.92,9.33,0.16251675469039295,0.07814766335302648,0.08436909133736648,1,CMIG3
2012-12-28,6.46,2.29,8.85,35.47,0.84,3.39,9.57,-0.21543432115215844,-0.15889552434702714,-0.0565387968051313,0,CMIG3
2013-12-28,5.75,1.41,5.09,24.56,1.13,2.47,10.04,0.11369426060423549,-0.021885423371759583,0.13557968397599507,1,CMIG3
2014-12-28,5.54,1.54,4.65,27.79,0.65,2.49,8.96,-0.5028402486460675,-0.12725097218067605,-0.3755892764653914,0,CMIG3
2015-12-28,3.29,0.62,2.7,19.01,0.72,1.96,10.32,0.3241776423414744,0.3660085915364226,-0.04183094919494823,0,CMIG3
2016-12-28,29.19,0.77,8.18,2.58,0.72,0.27,10.27,-0.14195469844373032,0.27801010337559795,-0.41996480181932827,0,CMIG3
2017-12-28,91.57,0.61,2.58,0.68,0.64,0.07,10.56,1.3777696141742206,0.15032328996623123,1.2274463242079894,1,CMIG3
2018-12-28,14.05,1.22,-23.15,8.7,1.21,1.03,11.89,0.06475399314822239,0.3259526437357061,-0.2611986505874837,0,CMIG3
2019-12-28,7.29,1.43,11.16,19.68,1.28,2.14,10.89,0.16237837728267812,0.02159884668852019,0.14077953059415793,1,CMIG3
2020-12-28,7.74,1.27,2.58,16.39,1.6,1.89,11.51,0.31122290656489393,-0.11916741564539568,0.4303903222102896,1,CMIG3
2013-12-28,68.24,1.19,14.0,1.73,1.34,0.58,33.19,-0.17072996227049198,-0.021885423371759583,-0.1488445388987324,0,CSAN3
2014-12-28,40.07,0.94,11.75,2.35,1.34,0.72,30.57,-0.0801607196678169,-0.12725097218067605,0.04709025251285914,1,CSAN3
2015-12-28,15.37,0.82,5.51,5.32,1.54,1.64,30.78,0.5996827008879806,0.3660085915364226,0.23367410935155797,1,CSAN3
2016-12-28,15.02,1.44,6.95,9.6,1.96,2.54,26.5,0.12734916059323198,0.27801010337559795,-0.15066094278236597,0,CSAN3
2017-12-28,13.53,1.73,9.93,12.77,1.56,3.23,25.29,-0.1705850174258885,0.15032328996623123,-0.32090830739211973,0,CSAN3
2018-12-28,10.5,1.59,6.45,15.13,1.9,4.06,26.82,1.138693424550758,0.3259526437357061,0.812740780815052,1,CSAN3
2019-12-28,11.31,2.48,9.77,21.93,1.84,6.15,28.06,0.11652677845409709,0.02159884668852019,0.0949279317655769,1,CSAN3
2020-12-28,10.05,0.74,3.99,7.4,1.78,2.16,29.19,0.15325454253818482,-0.11916741564539568,0.2724219581835805,1,CSAN3
